tanggal,hari,ruang,jenis_ruang,jam_pakai,kwh
2026-08-03,Senin,Lab Komputer 1,lab,7.7,13.3
2026-08-03,Senin,Lab Komputer 2,lab,2.3,3.72
2026-08-03,Senin,Lab Jaringan,lab,6.7,9.46
2026-08-03,Senin,Ruang Kelas X TKJ 1,kelas,4.1,2.36
2026-08-03,Senin,Ruang Kelas X TKJ 2,kelas,2.5,1.72
2026-08-03,Senin,Ruang Kelas XI TKJ 1,kelas,4.6,1.84
2026-08-03,Senin,Perpustakaan,umum,5.7,4.2
2026-08-03,Senin,Ruang Guru,umum,7.5,4.94
2026-08-03,Senin,Kantin,umum,5.3,2.89
2026-08-03,Senin,Aula,umum,3.9,1.99
2026-08-04,Selasa,Lab Komputer 1,lab,8.3,9.25
2026-08-04,Selasa,Lab Komputer 2,lab,5.3,7.81
2026-08-04,Selasa,Lab Jaringan,lab,2.8,5.32
2026-08-04,Selasa,Ruang Kelas X TKJ 1,kelas,2.4,0.91
2026-08-04,Selasa,Ruang Kelas X TKJ 2,kelas,3.2,1.04
2026-08-04,Selasa,Ruang Kelas XI TKJ 1,kelas,5.7,2.32
2026-08-04,Selasa,Perpustakaan,umum,5.2,4.45
2026-08-04,Selasa,Ruang Guru,umum,6.6,6.91
2026-08-04,Selasa,Kantin,umum,6.4,3.01
2026-08-04,Selasa,Aula,umum,0,0.0
2026-08-05,Rabu,Lab Komputer 1,lab,4.5,6.81
2026-08-05,Rabu,Lab Komputer 2,lab,3.3,6.53
2026-08-05,Rabu,Lab Jaringan,lab,4.9,5.67
2026-08-05,Rabu,Ruang Kelas X TKJ 1,kelas,6.7,3.91
2026-08-05,Rabu,Ruang Kelas X TKJ 2,kelas,6.0,2.04
2026-08-05,Rabu,Ruang Kelas XI TKJ 1,kelas,3.9,2.12
2026-08-05,Rabu,Perpustakaan,umum,3.2,2.61
2026-08-05,Rabu,Ruang Guru,umum,4.5,4.3
2026-08-05,Rabu,Kantin,umum,7.1,5.0
2026-08-05,Rabu,Aula,umum,0,0.0
2026-08-06,Kamis,Lab Komputer 1,lab,3.5,6.21
2026-08-06,Kamis,Lab Komputer 2,lab,8.2,12.57
2026-08-06,Kamis,Lab Jaringan,lab,4.2,7.48
2026-08-06,Kamis,Ruang Kelas X TKJ 1,kelas,3.7,2.32
2026-08-06,Kamis,Ruang Kelas X TKJ 2,kelas,3.7,1.97
2026-08-06,Kamis,Ruang Kelas XI TKJ 1,kelas,3.2,1.72
2026-08-06,Kamis,Perpustakaan,umum,8.5,9.19
2026-08-06,Kamis,Ruang Guru,umum,7.2,5.22
2026-08-06,Kamis,Kantin,umum,5.8,3.26
2026-08-06,Kamis,Aula,umum,0,0.0
2026-08-07,Jumat,Lab Komputer 1,lab,6.7,6.38
2026-08-07,Jumat,Lab Komputer 2,lab,4.1,2.74
2026-08-07,Jumat,Lab Jaringan,lab,5.5,7.06
2026-08-07,Jumat,Ruang Kelas X TKJ 1,kelas,6.1,2.46
2026-08-07,Jumat,Ruang Kelas X TKJ 2,kelas,8.0,2.51
2026-08-07,Jumat,Ruang Kelas XI TKJ 1,kelas,4.9,1.35
2026-08-07,Jumat,Perpustakaan,umum,6.3,2.6
2026-08-07,Jumat,Ruang Guru,umum,6.9,4.05
2026-08-07,Jumat,Kantin,umum,3.2,1.26
2026-08-07,Jumat,Aula,umum,0,0.0
2026-08-10,Senin,Lab Komputer 1,lab,2.4,5.05
2026-08-10,Senin,Lab Komputer 2,lab,2.4,3.56
2026-08-10,Senin,Lab Jaringan,lab,4.9,9.22
2026-08-10,Senin,Ruang Kelas X TKJ 1,kelas,8.1,4.08
2026-08-10,Senin,Ruang Kelas X TKJ 2,kelas,8.2,3.28
2026-08-10,Senin,Ruang Kelas XI TKJ 1,kelas,7.5,3.99
2026-08-10,Senin,Perpustakaan,umum,5.8,5.97
2026-08-10,Senin,Ruang Guru,umum,6.6,5.39
2026-08-10,Senin,Kantin,umum,7.5,5.37
2026-08-10,Senin,Aula,umum,0,0.0
2026-08-11,Selasa,Lab Komputer 1,lab,8.0,7.91
2026-08-11,Selasa,Lab Komputer 2,lab,3.5,5.33
2026-08-11,Selasa,Lab Jaringan,lab,7.5,15.81
2026-08-11,Selasa,Ruang Kelas X TKJ 1,kelas,4.5,2.03
2026-08-11,Selasa,Ruang Kelas X TKJ 2,kelas,4.9,3.36
2026-08-11,Selasa,Ruang Kelas XI TKJ 1,kelas,6.5,3.35
2026-08-11,Selasa,Perpustakaan,umum,4.4,2.84
2026-08-11,Selasa,Ruang Guru,umum,2.4,1.38
2026-08-11,Selasa,Kantin,umum,3.3,1.05
2026-08-11,Selasa,Aula,umum,0,0.0
2026-08-12,Rabu,Lab Komputer 1,lab,3.8,4.19
2026-08-12,Rabu,Lab Komputer 2,lab,3.2,5.67
2026-08-12,Rabu,Lab Jaringan,lab,6.5,7.62
2026-08-12,Rabu,Ruang Kelas X TKJ 1,kelas,4.2,1.15
2026-08-12,Rabu,Ruang Kelas X TKJ 2,kelas,4.8,3.23
2026-08-12,Rabu,Ruang Kelas XI TKJ 1,kelas,6.4,2.9
2026-08-12,Rabu,Perpustakaan,umum,5.7,1.83
2026-08-12,Rabu,Ruang Guru,umum,5.3,5.08
2026-08-12,Rabu,Kantin,umum,8.1,6.22
2026-08-12,Rabu,Aula,umum,6.6,2.64
2026-08-13,Kamis,Lab Komputer 1,lab,8.3,15.46
2026-08-13,Kamis,Lab Komputer 2,lab,6.3,11.63
2026-08-13,Kamis,Lab Jaringan,lab,5.0,7.87
2026-08-13,Kamis,Ruang Kelas X TKJ 1,kelas,7.9,2.2
2026-08-13,Kamis,Ruang Kelas X TKJ 2,kelas,5.4,1.95
2026-08-13,Kamis,Ruang Kelas XI TKJ 1,kelas,6.5,3.13
2026-08-13,Kamis,Perpustakaan,umum,2.8,2.2
2026-08-13,Kamis,Ruang Guru,umum,7.8,5.4
2026-08-13,Kamis,Kantin,umum,6.3,8.35
2026-08-13,Kamis,Aula,umum,0,0.0
2026-08-14,Jumat,Lab Komputer 1,lab,7.1,8.24
2026-08-14,Jumat,Lab Komputer 2,lab,6.6,7.57
2026-08-14,Jumat,Lab Jaringan,lab,5.9,4.91
2026-08-14,Jumat,Ruang Kelas X TKJ 1,kelas,6.4,3.17
2026-08-14,Jumat,Ruang Kelas X TKJ 2,kelas,3.0,1.69
2026-08-14,Jumat,Ruang Kelas XI TKJ 1,kelas,4.2,1.81
2026-08-14,Jumat,Perpustakaan,umum,6.3,3.33
2026-08-14,Jumat,Ruang Guru,umum,4.0,0.5
2026-08-14,Jumat,Kantin,umum,4.6,3.88
2026-08-14,Jumat,Aula,umum,0,0.0
2026-08-17,Senin,Lab Komputer 1,lab,5.9,7.17
2026-08-17,Senin,Lab Komputer 2,lab,5.0,8.42
2026-08-17,Senin,Lab Jaringan,lab,5.6,8.31
2026-08-17,Senin,Ruang Kelas X TKJ 1,kelas,3.7,2.56
2026-08-17,Senin,Ruang Kelas X TKJ 2,kelas,5.8,3.28
2026-08-17,Senin,Ruang Kelas XI TKJ 1,kelas,5.7,2.9
2026-08-17,Senin,Perpustakaan,umum,3.2,2.6
2026-08-17,Senin,Ruang Guru,umum,7.7,3.89
2026-08-17,Senin,Kantin,umum,5.0,1.96
2026-08-17,Senin,Aula,umum,0,0.0
2026-08-18,Selasa,Lab Komputer 1,lab,5.9,7.94
2026-08-18,Selasa,Lab Komputer 2,lab,6.5,2.85
2026-08-18,Selasa,Lab Jaringan,lab,7.3,7.72
2026-08-18,Selasa,Ruang Kelas X TKJ 1,kelas,8.3,4.5
2026-08-18,Selasa,Ruang Kelas X TKJ 2,kelas,7.3,4.75
2026-08-18,Selasa,Ruang Kelas XI TKJ 1,kelas,7.1,4.34
2026-08-18,Selasa,Perpustakaan,umum,3.4,2.98
2026-08-18,Selasa,Ruang Guru,umum,4.4,4.12
2026-08-18,Selasa,Kantin,umum,6.6,6.69
2026-08-18,Selasa,Aula,umum,0,0.0
2026-08-19,Rabu,Lab Komputer 1,lab,7.7,15.2
2026-08-19,Rabu,Lab Komputer 2,lab,7.4,9.65
2026-08-19,Rabu,Lab Jaringan,lab,2.9,5.04
2026-08-19,Rabu,Ruang Kelas X TKJ 1,kelas,8.4,4.44
2026-08-19,Rabu,Ruang Kelas X TKJ 2,kelas,6.8,1.84
2026-08-19,Rabu,Ruang Kelas XI TKJ 1,kelas,6.6,4.39
2026-08-19,Rabu,Perpustakaan,umum,2.4,1.67
2026-08-19,Rabu,Ruang Guru,umum,7.8,4.08
2026-08-19,Rabu,Kantin,umum,5.1,2.32
2026-08-19,Rabu,Aula,umum,0,0.0
2026-08-20,Kamis,Lab Komputer 1,lab,7.6,13.64
2026-08-20,Kamis,Lab Komputer 2,lab,3.4,5.61
2026-08-20,Kamis,Lab Jaringan,lab,4.4,6.29
2026-08-20,Kamis,Ruang Kelas X TKJ 1,kelas,2.8,1.13
2026-08-20,Kamis,Ruang Kelas X TKJ 2,kelas,2.7,1.34
2026-08-20,Kamis,Ruang Kelas XI TKJ 1,kelas,8.3,3.9
2026-08-20,Kamis,Perpustakaan,umum,6.9,0.98
2026-08-20,Kamis,Ruang Guru,umum,4.8,3.59
2026-08-20,Kamis,Kantin,umum,5.7,5.43
2026-08-20,Kamis,Aula,umum,0,0.0
2026-08-21,Jumat,Lab Komputer 1,lab,7.5,3.77
2026-08-21,Jumat,Lab Komputer 2,lab,5.8,7.41
2026-08-21,Jumat,Lab Jaringan,lab,4.4,6.73
2026-08-21,Jumat,Ruang Kelas X TKJ 1,kelas,7.7,1.84
2026-08-21,Jumat,Ruang Kelas X TKJ 2,kelas,3.2,1.31
2026-08-21,Jumat,Ruang Kelas XI TKJ 1,kelas,2.8,0.91
2026-08-21,Jumat,Perpustakaan,umum,7.2,3.78
2026-08-21,Jumat,Ruang Guru,umum,7.2,5.18
2026-08-21,Jumat,Kantin,umum,2.3,1.02
2026-08-21,Jumat,Aula,umum,2.1,1.3
2026-08-24,Senin,Lab Komputer 1,lab,7.2,12.52
2026-08-24,Senin,Lab Komputer 2,lab,2.3,3.52
2026-08-24,Senin,Lab Jaringan,lab,3.7,4.33
2026-08-24,Senin,Ruang Kelas X TKJ 1,kelas,7.9,5.22
2026-08-24,Senin,Ruang Kelas X TKJ 2,kelas,7.5,3.29
2026-08-24,Senin,Ruang Kelas XI TKJ 1,kelas,7.1,3.37
2026-08-24,Senin,Perpustakaan,umum,5.5,2.49
2026-08-24,Senin,Ruang Guru,umum,7.9,6.42
2026-08-24,Senin,Kantin,umum,6.2,3.95
2026-08-24,Senin,Aula,umum,0,0.0
2026-08-25,Selasa,Lab Komputer 1,lab,3.4,4.8
2026-08-25,Selasa,Lab Komputer 2,lab,8.3,17.7
2026-08-25,Selasa,Lab Jaringan,lab,5.1,5.83
2026-08-25,Selasa,Ruang Kelas X TKJ 1,kelas,8.5,3.97
2026-08-25,Selasa,Ruang Kelas X TKJ 2,kelas,3.0,1.63
2026-08-25,Selasa,Ruang Kelas XI TKJ 1,kelas,3.4,1.07
2026-08-25,Selasa,Perpustakaan,umum,8.3,7.75
2026-08-25,Selasa,Ruang Guru,umum,3.6,1.44
2026-08-25,Selasa,Kantin,umum,2.2,2.01
2026-08-25,Selasa,Aula,umum,0,0.0
2026-08-26,Rabu,Lab Komputer 1,lab,7.5,17.83
2026-08-26,Rabu,Lab Komputer 2,lab,7.1,12.32
2026-08-26,Rabu,Lab Jaringan,lab,3.9,5.66
2026-08-26,Rabu,Ruang Kelas X TKJ 1,kelas,4.1,2.06
2026-08-26,Rabu,Ruang Kelas X TKJ 2,kelas,3.6,1.63
2026-08-26,Rabu,Ruang Kelas XI TKJ 1,kelas,2.5,1.12
2026-08-26,Rabu,Perpustakaan,umum,5.2,4.73
2026-08-26,Rabu,Ruang Guru,umum,5.8,3.37
2026-08-26,Rabu,Kantin,umum,3.8,3.48
2026-08-26,Rabu,Aula,umum,0,0.0
2026-08-27,Kamis,Lab Komputer 1,lab,3.1,5.81
2026-08-27,Kamis,Lab Komputer 2,lab,3.1,2.22
2026-08-27,Kamis,Lab Jaringan,lab,5.1,3.86
2026-08-27,Kamis,Ruang Kelas X TKJ 1,kelas,6.5,2.44
2026-08-27,Kamis,Ruang Kelas X TKJ 2,kelas,5.4,2.85
2026-08-27,Kamis,Ruang Kelas XI TKJ 1,kelas,5.1,3.14
2026-08-27,Kamis,Perpustakaan,umum,7.3,4.47
2026-08-27,Kamis,Ruang Guru,umum,8.5,3.75
2026-08-27,Kamis,Kantin,umum,7.1,5.96
2026-08-27,Kamis,Aula,umum,0,0.0
2026-08-28,Jumat,Lab Komputer 1,lab,3.3,3.59
2026-08-28,Jumat,Lab Komputer 2,lab,7.5,7.83
2026-08-28,Jumat,Lab Jaringan,lab,3.2,3.24
2026-08-28,Jumat,Ruang Kelas X TKJ 1,kelas,5.0,1.5
2026-08-28,Jumat,Ruang Kelas X TKJ 2,kelas,7.2,2.83
2026-08-28,Jumat,Ruang Kelas XI TKJ 1,kelas,5.6,2.27
2026-08-28,Jumat,Perpustakaan,umum,4.5,2.15
2026-08-28,Jumat,Ruang Guru,umum,6.1,5.33
2026-08-28,Jumat,Kantin,umum,4.0,2.2
2026-08-28,Jumat,Aula,umum,0,0.0
